Label,# Samples,Average,Min,Max,Std. Dev.,Error %,Throughput,Received KB/sec,Sent KB/sec,Avg. Bytes
get_method,3764,397,8,2411,176.05,0.239%,29.42142,4.75,4.21,165.4
user_info_2,3755,419,21,4256,190.05,0.506%,29.38208,11.28,6.97,393.2
user_info_3,3736,417,9,3580,197.20,0.321%,29.26684,7.65,6.95,267.8
token test,3724,455,5,2626,185.26,0.537%,29.20487,7.82,28.75,274.1
object_info_1,3704,411,43,2540,181.66,0.405%,29.08406,4.81,4.16,169.5
object_info_2,3689,399,61,2989,182.32,0.163%,28.99656,4.64,4.21,163.9
object_info_3,3683,405,14,3442,197.19,0.272%,28.98038,4.70,4.21,166.1
object_info_4,3673,400,131,2225,168.15,0.245%,28.93174,4.69,4.20,166.0
TOTAL,29728,413,5,4256,185.85,0.336%,232.36800,50.18,63.43,221.2
